fiscal_year_month,persons
1988-10-01,18446735.0
1988-11-01,18434600.0
1988-12-01,18709788.0
1989-01-01,18814591.0
1989-02-01,18805348.0
1989-03-01,19188889.0
1989-04-01,19036458.0
1989-05-01,18858178.0
1989-06-01,18856665.0
1989-07-01,18696508.0
1989-08-01,18784944.0
1989-09-01,19044857.0
1989-10-01,19523488.0
1989-11-01,19256464.0
1989-12-01,19461401.0
1990-01-01,19848748.0
1990-02-01,19958037.0
1990-03-01,20414960.0
1990-04-01,20370671.0
1990-05-01,20290045.0
1990-06-01,20382828.0
1990-07-01,20320763.0
1990-08-01,20301533.0
1990-09-01,20458793.0
1990-10-01,20928991.0
1990-11-01,21294125.0
1990-12-01,21686672.0
1991-01-01,21980958.0
1991-02-01,22496484.0
1991-03-01,22945164.0
1991-04-01,23207931.0
1991-05-01,23148421.0
1991-06-01,23247989.0
1991-07-01,23215673.0
1991-08-01,23663074.0
1991-09-01,23680042.0
1991-10-01,24055568.0
1991-11-01,24437847.0
1991-12-01,24854461.0
1992-01-01,25102189.0
1992-02-01,25385468.0
1992-03-01,25722405.0
1992-04-01,25875570.0
1992-05-01,25694638.0
1992-06-01,25748466.0
1992-07-01,25698933.0
1992-08-01,25862454.0
1992-09-01,26445826.0
1992-10-01,26223472.0
1992-11-01,26393793.0
1992-12-01,26627009.0
1993-01-01,26857336.0
1993-02-01,26918029.0
1993-03-01,27386320.0
1993-04-01,27366950.0
1993-05-01,27272406.0
1993-06-01,27195390.0
1993-07-01,27288566.0
1993-08-01,27215012.0
1993-09-01,27097011.0
1993-10-01,27207775.0
1993-11-01,27343082.0
1993-12-01,27446313.0
1994-01-01,27687318.0
1994-02-01,27843411.0
1994-03-01,27969969.0
1994-04-01,27718861.0
1994-05-01,27520328.0
1994-06-01,27384252.0
1994-07-01,27313426.0
1994-08-01,27216765.0
1994-09-01,27032856.0
1994-10-01,27064638.0
1994-11-01,26891997.0
1994-12-01,27112215.0
1995-01-01,27066207.0
1995-02-01,26766762.0
1995-03-01,27101343.0
1995-04-01,26707357.0
1995-05-01,26458491.0
1995-06-01,26325055.0
1995-07-01,26042197.0
1995-08-01,25995326.0
1995-09-01,25893686.0
1995-10-01,26015906.0
1995-11-01,25857801.0
1995-12-01,25880962.0
1996-01-01,25899749.0
1996-02-01,25818291.0
1996-03-01,25885340.0
1996-04-01,25643720.0
1996-05-01,25556902.0
1996-06-01,25183399.0
1996-07-01,24968781.0
1996-08-01,24932297.0
1996-09-01,24867226.0
1996-10-01,24400846.0
1996-11-01,24139445.0
1996-12-01,23920683.0
1997-01-01,23694285.0
1997-02-01,23475445.0
1997-03-01,23173789.0
1997-04-01,22723781.0
1997-05-01,22411827.0
1997-06-01,22140575.0
1997-07-01,21680584.0
1997-08-01,21544651.0
1997-09-01,20991727.0
1997-10-01,20799556.0
1997-11-01,20607139.0
1997-12-01,20517163.0
1998-01-01,20370391.0
1998-02-01,20047459.0
1998-03-01,20037929.0
1998-04-01,19708896.0
1998-05-01,19495898.0
1998-06-01,19289319.0
1998-07-01,19029374.0
1998-08-01,18910497.0
1998-09-01,18678193.0
1998-10-01,18781505.0
1998-11-01,18647789.0
1998-12-01,18617087.0
1999-01-01,18483171.0
1999-02-01,18278318.0
1999-03-01,18354465.0
1999-04-01,18100816.0
1999-05-01,17947632.0
1999-06-01,17835831.0
1999-07-01,17723939.0
1999-08-01,17694898.0
1999-09-01,17725004.0
1999-10-01,17530703.0
1999-11-01,17538216.0
1999-12-01,17445538.0
2000-01-01,17323336.0
2000-02-01,17191024.0
2000-03-01,17285182.0
2000-04-01,17040733.0
2000-05-01,17018465.0
2000-06-01,17045814.0
2000-07-01,16895039.0
2000-08-01,17004637.0
2000-09-01,17013325.0
2000-10-01,17061834.0
2000-11-01,17092424.0
2000-12-01,17175724.0
2001-01-01,17298136.0
2001-02-01,16954558.0
2001-03-01,17249899.0
2001-04-01,17139964.0
2001-05-01,17243514.0
2001-06-01,17457195.0
2001-07-01,17531585.0
2001-08-01,17758492.0
2001-09-01,17858172.0
2001-10-01,18176710.0
2001-11-01,18499920.0
2001-12-01,18745920.0
2002-01-01,18918120.0
2002-02-01,19018508.0
2002-03-01,19216647.0
2002-04-01,19166625.0
2002-05-01,19330632.0
2002-06-01,19311119.0
2002-07-01,19291561.0
2002-08-01,19686984.0
2002-09-01,19784894.0
2002-10-01,20124679.0
2002-11-01,20329250.0
2002-12-01,20551678.0
2003-01-01,20704912.0
2003-02-01,20740976.0
2003-03-01,21009256.0
2003-04-01,21249129.0
2003-05-01,21529923.0
2003-06-01,21760617.0
2003-07-01,22005076.0
2003-08-01,22324542.0
2003-09-01,22665472.0
2003-10-01,23226236.0
2003-11-01,22963101.0
2003-12-01,23244941.0
2004-01-01,23450738.0
2004-02-01,23474067.0
2004-03-01,23755819.0
2004-04-01,23827439.0
2004-05-01,23924001.0
2004-06-01,24107448.0
2004-07-01,24347959.0
2004-08-01,24550102.0
2004-09-01,24857053.0
2004-10-01,26168289.0
2004-11-01,25077090.0
2004-12-01,25411716.0
2005-01-01,25357492.0
2005-02-01,25184374.0
2005-03-01,25348952.0
2005-04-01,25271312.0
2005-05-01,25314262.0
2005-06-01,25437443.0
2005-07-01,25467685.0
2005-08-01,25661624.0
2005-09-01,27841234.0
2005-10-01,27793263.0
2005-11-01,29735319.0
2005-12-01,26716394.0
2006-01-01,26393587.0
2006-02-01,26084182.0
2006-03-01,26200009.0
2006-04-01,25892326.0
2006-05-01,25892949.0
2006-06-01,25952710.0
2006-07-01,25865385.0
2006-08-01,26000132.0
2006-09-01,26059742.0
2006-10-01,26148439.0
2006-11-01,26153656.0
2006-12-01,26247570.0
2007-01-01,26220403.0
2007-02-01,26004135.0
2007-03-01,26226757.0
2007-04-01,26129021.0
2007-05-01,26254268.0
2007-06-01,26451375.0
2007-07-01,26456753.0
2007-08-01,26738383.0
2007-09-01,26761775.0
2007-10-01,27007059.0
2007-11-01,27153727.0
2007-12-01,27385524.0
2008-01-01,27580481.0
2008-02-01,27547495.0
2008-03-01,27770417.0
2008-04-01,27967760.0
2008-05-01,28244913.0
2008-06-01,28509720.0
2008-07-01,28862959.0
2008-08-01,29258947.0
2008-09-01,31382561.0
2008-10-01,30841790.0
2008-11-01,30884729.0
2008-12-01,31567037.0
2009-01-01,31983716.0
2009-02-01,32332622.0
2009-03-01,32928433.0
2009-04-01,33524074.0
2009-05-01,34171518.0
2009-06-01,34882031.0
2009-07-01,35602939.0
2009-08-01,36241857.0
2009-09-01,36918948.0
2009-10-01,37672818.0
2009-11-01,38184306.0
2009-12-01,38979289.0
2010-01-01,39431128.0
2010-02-01,39588993.0
2010-03-01,40120254.0
2010-04-01,40430679.0
2010-05-01,40801591.0
2010-06-01,41275687.0
2010-07-01,41836469.0
2010-08-01,42389926.0
2010-09-01,42911396.0
2010-10-01,43201052.0
2010-11-01,43596084.0
2010-12-01,44082361.0
2011-01-01,44187874.0
2011-02-01,44199479.0
2011-03-01,44587275.0
2011-04-01,44647781.0
2011-05-01,45410683.0
2011-06-01,45183927.0
2011-07-01,45345473.0
2011-08-01,45794474.0
2011-09-01,46268250.0
2011-10-01,46236164.0
2011-11-01,46286314.0
2011-12-01,46514155.0
2012-01-01,46449737.0
2012-02-01,46326287.0
2012-03-01,46405224.0
2012-04-01,46274631.0
2012-05-01,46496761.0
2012-06-01,46670301.0
2012-07-01,46836236.0
2012-08-01,47102765.0
2012-09-01,47710283.0
2012-10-01,47551829.0
2012-11-01,47682072.0
2012-12-01,47792056.0
2013-01-01,47772063.0
2013-02-01,47558164.0
2013-03-01,47724596.0
2013-04-01,47548577.0
2013-05-01,47635226.0
2013-06-01,47760247.0
2013-07-01,47637468.0
2013-08-01,47665056.0
2013-09-01,47305724.0
2013-10-01,47415754.0
2013-11-01,47363175.0
2013-12-01,47078649.0
2014-01-01,46530889.0
2014-02-01,46515743.0
2014-03-01,46390386.0
2014-04-01,46514290.0
2014-05-01,46235606.0
2014-06-01,46495793.0
2014-07-01,46486888.0
2014-08-01,46476291.0
2014-09-01,46459930.0
2014-10-01,46500623.0
2014-11-01,46263096.0
2014-12-01,46252074.0
2015-01-01,46028930.0
2015-02-01,45682411.0
2015-03-01,45641751.0
2015-04-01,45438791.0
2015-05-01,45495284.0
2015-06-01,45510151.0
2015-07-01,45507071.0
2015-08-01,45464433.0
2015-09-01,45415445.0
2015-10-01,45368265.0
2015-11-01,45453871.0
2015-12-01,45188751.0
2016-01-01,44852347.0
2016-02-01,44382926.0
2016-03-01,44344774.0
2016-04-01,43570377.0
2016-05-01,43481269.0
2016-06-01,43536321.0
2016-07-01,43334443.0
2016-08-01,43625861.0
2016-09-01,43493149.0
2016-10-01,43660143.0
2016-11-01,43200201.0
2016-12-01,42972692.0
2017-01-01,42715593.0
2017-02-01,42297791.0
2017-03-01,42212512.0
2017-04-01,41709161.0
2017-05-01,41643911.0
2017-06-01,41579842.0
2017-07-01,41254460.0
2017-08-01,41552823.0
2017-09-01,42999474.0
2017-10-01,46205060.0
2017-11-01,42189876.0
2017-12-01,41304526.0
2018-01-01,41026015.0
2018-02-01,40431613.0
2018-03-01,40395888.0
2018-04-01,39968661.0
2018-05-01,39896505.0
2018-06-01,39782290.0
2018-07-01,39546157.0
2018-08-01,39402298.0
2018-09-01,39159849.0
2018-10-01,39575279.0
2018-11-01,39129424.0
2018-12-01,38655988.0
2019-01-01,40627707.0
2019-02-01,7422273.0
2019-03-01,37664927.0
2019-04-01,37422372.0
2019-05-01,37381135.0
2019-06-01,37532817.0
2019-07-01,37602856.0
2019-08-01,37777171.0
2019-09-01,37637717.0
2019-10-01,37652952.0
2019-11-01,37464569.0
2019-12-01,37243840.0
2020-01-01,37100836.0
2020-02-01,36867839.0
2020-03-01,37208099.0
2020-04-01,40944023.0
2020-05-01,42663502.0
2020-06-01,42908882.0
2020-07-01,42589096.0
2020-08-01,42557584.0
2020-09-01,43032115.0
2020-10-01,42077533.0
2020-11-01,41498329.0
2020-12-01,41336928.0
2021-01-01,42125157.0
2021-02-01,42269905.0
2021-03-01,41953645.0
2021-04-01,41803523.0
2021-05-01,41486912.0
2021-06-01,41155613.0
2021-07-01,41946419.0
2021-08-01,40795233.0
2021-09-01,40795346.0
2021-10-01,41198773.0
2021-11-01,41211591.0
2021-12-01,41305936.0
2022-01-01,41228496.0
2022-02-01,41181192.0
2022-03-01,41377328.0
2022-04-01,41212994.0
2022-05-01,41012898.0
2022-06-01,40907769.0
2022-07-01,41115521.0
2022-08-01,41123760.0
2022-09-01,41622754.0
2022-10-01,42336750.0
2022-11-01,42400812.0
2022-12-01,42694515.0
2023-01-01,42765476.0
2023-02-01,42603929.0
2023-03-01,42430208.0
2023-04-01,41913810.0
2023-05-01,41995368.0
2023-06-01,41925988.0
2023-07-01,41303331.0
2023-08-01,42006955.0
2023-09-01,41651427.0
2023-10-01,41694229.0
2023-11-01,41464728.0
2023-12-01,41335813.0
2024-01-01,41279845.0
2024-02-01,41261754.0
2024-03-01,41571972.0
2024-04-01,41596806.0
2024-05-01,41742557.0
2024-06-01,41871618.0
2024-07-01,42030957.0
2024-08-01,42215469.8234
2024-09-01,0.0
